{"assets":[{"id":"comp_0","layers":[{"ao":0,"bm":0,"ddd":0,"ind":1,"ip":0,"ks":{"a":{"a":0,"ix":1,"k":[60,60,0]},"o":{"a":0,"ix":11,"k":0},"p":{"a":0,"ix":2,"k":[250,250,0]},"r":{"a":0,"ix":10,"k":0},"s":{"a":0,"ix":6,"k":[370,370,100]}},"nm":"NULL","op":120,"sr":1,"st":0,"ty":3},{"ao":0,"bm":0,"ddd":0,"ind":2,"ip":0,"ks":{"a":{"a":0,"ix":1,"k":[-26.438,0.438,0]},"o":{"a":0,"ix":11,"k":100},"p":{"a":1,"ix":2,"k":[{"i":{"x":0.667,"y":1},"o":{"x":0.89,"y":0},"s":[-27.438,6.562,0],"t":0,"ti":[0,5.417,0],"to":[0,0.417,0]},{"i":{"x":0.804,"y":1},"o":{"x":0.176,"y":0},"s":[-27.438,9.062,0],"t":5,"ti":[0,5.417,0],"to":[0,-5.417,0]},{"i":{"x":0,"y":1},"o":{"x":0.333,"y":0},"s":[-27.438,-25.938,0],"t":9,"ti":[0,-0.417,0],"to":[0,-5.417,0]},{"s":[-27.438,-23.438,0],"t":16}]},"r":{"a":0,"ix":10,"k":0},"s":{"a":0,"ix":6,"k":[100,100,100]}},"nm":"Shape Layer 11","op":120,"parent":4,"shapes":[{"bm":0,"cix":2,"hd":false,"it":[{"d":1,"hd":false,"mn":"ADBE Vector Shape - Ellipse","nm":"Ellipse Path 1","p":{"a":0,"ix":3,"k":[0,0]},"s":{"a":0,"ix":2,"k":[13.125,13.125]},"ty":"el"},{"bm":0,"c":{"a":0,"ix":3,"k":[0.031372550875,0.658823549747,0.541176497936,1],"x":"var $bm_rt;\n$bm_rt = comp('201-settings-sliders-morph-outline').layer('Color  & Stroke Change').effect('Secondary')('Color');"},"hd":false,"lc":1,"lj":1,"ml":4,"mn":"ADBE Vector Graphic - Stroke","nm":"Stroke 1","o":{"a":0,"ix":4,"k":100},"ty":"st","w":{"a":0,"ix":5,"k":5,"x":"var $bm_rt;\n$bm_rt = $bm_mul(5 / 100, comp('201-settings-sliders-morph-outline').layer('Color  & Stroke Change').effect('Stroke')('Slider'));"}},{"a":{"a":0,"ix":1,"k":[0,0]},"nm":"Transform","o":{"a":0,"ix":7,"k":100},"p":{"a":0,"ix":2,"k":[-26.438,0.438]},"r":{"a":0,"ix":6,"k":0},"s":{"a":0,"ix":3,"k":[100,100]},"sa":{"a":0,"ix":5,"k":0},"sk":{"a":0,"ix":4,"k":0},"ty":"tr"}],"ix":1,"mn":"ADBE Vector Group","nm":"Ellipse 1","np":2,"ty":"gr"}],"sr":1,"st":0,"ty":4},{"ao":0,"bm":0,"ddd":0,"ind":4,"ip":0,"ks":{"a":{"a":0,"ix":1,"k":[-27.516,0.125,0]},"o":{"a":0,"ix":11,"k":100},"p":{"a":0,"ix":2,"k":[86.484,60.125,0]},"r":{"a":0,"ix":10,"k":0},"s":{"a":0,"ix":6,"k":[100,100,100]}},"nm":"Shape Layer 9","op":120,"parent":1,"sr":1,"st":0,"ty":3},{"ao":0,"bm":0,"ddd":0,"ind":5,"ip":0,"ks":{"a":{"a":0,"ix":1,"k":[-26.438,0.438,0]},"o":{"a":0,"ix":11,"k":100},"p":{"a":1,"ix":2,"k":[{"i":{"x":0.667,"y":1},"o":{"x":0.89,"y":0},"s":[-27.438,13.812,0],"t":0,"ti":[0,5.417,0],"to":[0,0.417,0]},{"i":{"x":0.804,"y":1},"o":{"x":0.176,"y":0},"s":[-27.438,16.312,0],"t":6,"ti":[0,5.417,0],"to":[0,-5.417,0]},{"i":{"x":0,"y":1},"o":{"x":0.333,"y":0},"s":[-27.438,-18.688,0],"t":10,"ti":[0,-0.417,0],"to":[0,-5.417,0]},{"s":[-27.438,-16.188,0],"t":16}]},"r":{"a":0,"ix":10,"k":0},"s":{"a":0,"ix":6,"k":[100,100,100]}},"nm":"Shape Layer 8","op":120,"parent":7,"shapes":[{"bm":0,"cix":2,"hd":false,"it":[{"d":1,"hd":false,"mn":"ADBE Vector Shape - Ellipse","nm":"Ellipse Path 1","p":{"a":0,"ix":3,"k":[0,0]},"s":{"a":0,"ix":2,"k":[13.125,13.125]},"ty":"el"},{"bm":0,"c":{"a":0,"ix":3,"k":[0.031372550875,0.658823549747,0.541176497936,1],"x":"var $bm_rt;\n$bm_rt = comp('201-settings-sliders-morph-outline').layer('Color  & Stroke Change').effect('Secondary')('Color');"},"hd":false,"lc":1,"lj":1,"ml":4,"mn":"ADBE Vector Graphic - Stroke","nm":"Stroke 1","o":{"a":0,"ix":4,"k":100},"ty":"st","w":{"a":0,"ix":5,"k":5,"x":"var $bm_rt;\n$bm_rt = $bm_mul(5 / 100, comp('201-settings-sliders-morph-outline').layer('Color  & Stroke Change').effect('Stroke')('Slider'));"}},{"a":{"a":0,"ix":1,"k":[0,0]},"nm":"Transform","o":{"a":0,"ix":7,"k":100},"p":{"a":0,"ix":2,"k":[-26.438,0.438]},"r":{"a":0,"ix":6,"k":0},"s":{"a":0,"ix":3,"k":[100,100]},"sa":{"a":0,"ix":5,"k":0},"sk":{"a":0,"ix":4,"k":0},"ty":"tr"}],"ix":1,"mn":"ADBE Vector Group","nm":"Ellipse 1","np":2,"ty":"gr"}],"sr":1,"st":0,"ty":4},{"ao":0,"bm":0,"ddd":0,"ind":7,"ip":0,"ks":{"a":{"a":0,"ix":1,"k":[-27.516,0.125,0]},"o":{"a":0,"ix":11,"k":100},"p":{"a":0,"ix":2,"k":[59.484,60.125,0]},"r":{"a":0,"ix":10,"k":0},"s":{"a":0,"ix":6,"k":[100,100,100]}},"nm":"Shape Layer 6","op":120,"parent":1,"sr":1,"st":0,"ty":3},{"ao":0,"bm":0,"ddd":0,"ind":8,"ip":0,"ks":{"a":{"a":0,"ix":1,"k":[-26.438,0.438,0]},"o":{"a":0,"ix":11,"k":100},"p":{"a":1,"ix":2,"k":[{"i":{"x":0.667,"y":1},"o":{"x":0.89,"y":0},"s":[-27.438,-13.938,0],"t":0,"ti":[0,-5,0],"to":[0,-0.417,0]},{"i":{"x":0.804,"y":1},"o":{"x":0.176,"y":0},"s":[-27.438,-16.438,0],"t":7,"ti":[0,-5,0],"to":[0,5,0]},{"i":{"x":0,"y":1},"o":{"x":0.333,"y":0},"s":[-27.438,16.062,0],"t":11,"ti":[0,0.417,0],"to":[0,5,0]},{"s":[-27.438,13.562,0],"t":16}]},"r":{"a":0,"ix":10,"k":0},"s":{"a":0,"ix":6,"k":[100,100,100]}},"nm":"Shape Layer 5","op":120,"parent":10,"shapes":[{"bm":0,"cix":2,"hd":false,"it":[{"d":1,"hd":false,"mn":"ADBE Vector Shape - Ellipse","nm":"Ellipse Path 1","p":{"a":0,"ix":3,"k":[0,0]},"s":{"a":0,"ix":2,"k":[13.125,13.125]},"ty":"el"},{"bm":0,"c":{"a":0,"ix":3,"k":[0.031372550875,0.658823549747,0.541176497936,1],"x":"var $bm_rt;\n$bm_rt = comp('201-settings-sliders-morph-outline').layer('Color  & Stroke Change').effect('Secondary')('Color');"},"hd":false,"lc":1,"lj":1,"ml":4,"mn":"ADBE Vector Graphic - Stroke","nm":"Stroke 1","o":{"a":0,"ix":4,"k":100},"ty":"st","w":{"a":0,"ix":5,"k":5,"x":"var $bm_rt;\n$bm_rt = $bm_mul(5 / 100, comp('201-settings-sliders-morph-outline').layer('Color  & Stroke Change').effect('Stroke')('Slider'));"}},{"a":{"a":0,"ix":1,"k":[0,0]},"nm":"Transform","o":{"a":0,"ix":7,"k":100},"p":{"a":0,"ix":2,"k":[-26.438,0.438]},"r":{"a":0,"ix":6,"k":0},"s":{"a":0,"ix":3,"k":[100,100]},"sa":{"a":0,"ix":5,"k":0},"sk":{"a":0,"ix":4,"k":0},"ty":"tr"}],"ix":1,"mn":"ADBE Vector Group","nm":"Ellipse 1","np":2,"ty":"gr"}],"sr":1,"st":0,"ty":4},{"ao":0,"bm":0,"ddd":0,"ind":10,"ip":0,"ks":{"a":{"a":0,"ix":1,"k":[-27.516,0.125,0]},"o":{"a":0,"ix":11,"k":100},"p":{"a":0,"ix":2,"k":[32.484,60.125,0]},"r":{"a":0,"ix":10,"k":0},"s":{"a":0,"ix":6,"k":[100,100,100]}},"nm":"Shape Layer 3","op":120,"parent":1,"sr":1,"st":0,"ty":3}]},{"id":"comp_1","layers":[{"ao":0,"bm":0,"ddd":0,"ind":1,"ip":0,"ks":{"a":{"a":0,"ix":1,"k":[60,60,0]},"o":{"a":0,"ix":11,"k":0},"p":{"a":0,"ix":2,"k":[250,250,0]},"r":{"a":0,"ix":10,"k":0},"s":{"a":0,"ix":6,"k":[370,370,100]}},"nm":"NULL","op":120,"sr":1,"st":0,"ty":3},{"ao":0,"bm":0,"ddd":0,"ind":2,"ip":0,"ks":{"a":{"a":0,"ix":1,"k":[-26.438,0.438,0]},"o":{"a":0,"ix":11,"k":100},"p":{"a":1,"ix":2,"k":[{"i":{"x":0.667,"y":1},"o":{"x":0.89,"y":0},"s":[-27.438,6.562,0],"t":0,"ti":[0,5.417,0],"to":[0,0.417,0]},{"i":{"x":0.804,"y":1},"o":{"x":0.176,"y":0},"s":[-27.438,9.062,0],"t":5,"ti":[0,5.417,0],"to":[0,-5.417,0]},{"i":{"x":0,"y":1},"o":{"x":0.333,"y":0},"s":[-27.438,-25.938,0],"t":9,"ti":[0,-0.417,0],"to":[0,-5.417,0]},{"s":[-27.438,-23.438,0],"t":16}]},"r":{"a":0,"ix":10,"k":0},"s":{"a":0,"ix":6,"k":[100,100,100]}},"nm":"Shape Layer 11","op":120,"parent":4,"sr":1,"st":0,"ty":3},{"ao":0,"bm":0,"ddd":0,"ind":3,"ip":0,"ks":{"a":{"a":0,"ix":1,"k":[-26.438,0.438,0]},"o":{"a":0,"ix":11,"k":100},"p":{"a":0,"ix":2,"k":[-26.438,0.438,0]},"r":{"a":0,"ix":10,"k":0},"s":{"a":0,"ix":6,"k":[100,100,100]}},"nm":"Shape Layer 10","op":120,"parent":2,"shapes":[{"bm":0,"cix":2,"hd":false,"it":[{"d":1,"hd":false,"mn":"ADBE Vector Shape - Ellipse","nm":"Ellipse Path 1","p":{"a":0,"ix":3,"k":[0,0]},"s":{"a":0,"ix":2,"k":[13.125,13.125]},"ty":"el"},{"bm":0,"c":{"a":0,"ix":4,"k":[0.031372550875,0.658823549747,0.541176497936,1]},"hd":false,"mn":"ADBE Vector Graphic - Fill","nm":"Fill 1","o":{"a":0,"ix":5,"k":100},"r":1,"ty":"fl"},{"bm":0,"c":{"a":0,"ix":3,"k":[0.031372550875,0.658823549747,0.541176497936,1]},"hd":false,"lc":1,"lj":1,"ml":4,"mn":"ADBE Vector Graphic - Stroke","nm":"Stroke 1","o":{"a":0,"ix":4,"k":100},"ty":"st","w":{"a":0,"ix":5,"k":0}},{"a":{"a":0,"ix":1,"k":[0,0]},"nm":"Transform","o":{"a":0,"ix":7,"k":100},"p":{"a":0,"ix":2,"k":[-26.438,0.438]},"r":{"a":0,"ix":6,"k":0},"s":{"a":0,"ix":3,"k":[100,100]},"sa":{"a":0,"ix":5,"k":0},"sk":{"a":0,"ix":4,"k":0},"ty":"tr"}],"ix":1,"mn":"ADBE Vector Group","nm":"Ellipse 1","np":3,"ty":"gr"}],"sr":1,"st":0,"ty":4},{"ao":0,"bm":0,"ddd":0,"ind":4,"ip":0,"ks":{"a":{"a":0,"ix":1,"k":[-27.516,0.125,0]},"o":{"a":0,"ix":11,"k":100},"p":{"a":0,"ix":2,"k":[86.484,60.125,0]},"r":{"a":0,"ix":10,"k":0},"s":{"a":0,"ix":6,"k":[100,100,100]}},"nm":"Shape Layer 9","op":120,"parent":1,"sr":1,"st":0,"ty":3},{"ao":0,"bm":0,"ddd":0,"ind":5,"ip":0,"ks":{"a":{"a":0,"ix":1,"k":[-26.438,0.438,0]},"o":{"a":0,"ix":11,"k":100},"p":{"a":1,"ix":2,"k":[{"i":{"x":0.667,"y":1},"o":{"x":0.89,"y":0},"s":[-27.438,13.812,0],"t":0,"ti":[0,5.417,0],"to":[0,0.417,0]},{"i":{"x":0.804,"y":1},"o":{"x":0.176,"y":0},"s":[-27.438,16.312,0],"t":6,"ti":[0,5.417,0],"to":[0,-5.417,0]},{"i":{"x":0,"y":1},"o":{"x":0.333,"y":0},"s":[-27.438,-18.688,0],"t":10,"ti":[0,-0.417,0],"to":[0,-5.417,0]},{"s":[-27.438,-16.188,0],"t":16}]},"r":{"a":0,"ix":10,"k":0},"s":{"a":0,"ix":6,"k":[100,100,100]}},"nm":"Shape Layer 8","op":120,"parent":7,"sr":1,"st":0,"ty":3},{"ao":0,"bm":0,"ddd":0,"ind":6,"ip":0,"ks":{"a":{"a":0,"ix":1,"k":[-26.438,0.438,0]},"o":{"a":0,"ix":11,"k":100},"p":{"a":0,"ix":2,"k":[-26.438,0.438,0]},"r":{"a":0,"ix":10,"k":0},"s":{"a":0,"ix":6,"k":[100,100,100]}},"nm":"Shape Layer 7","op":120,"parent":5,"shapes":[{"bm":0,"cix":2,"hd":false,"it":[{"d":1,"hd":false,"mn":"ADBE Vector Shape - Ellipse","nm":"Ellipse Path 1","p":{"a":0,"ix":3,"k":[0,0]},"s":{"a":0,"ix":2,"k":[13.125,13.125]},"ty":"el"},{"bm":0,"c":{"a":0,"ix":4,"k":[0.031372550875,0.658823549747,0.541176497936,1]},"hd":false,"mn":"ADBE Vector Graphic - Fill","nm":"Fill 1","o":{"a":0,"ix":5,"k":100},"r":1,"ty":"fl"},{"bm":0,"c":{"a":0,"ix":3,"k":[0.031372550875,0.658823549747,0.541176497936,1]},"hd":false,"lc":1,"lj":1,"ml":4,"mn":"ADBE Vector Graphic - Stroke","nm":"Stroke 1","o":{"a":0,"ix":4,"k":100},"ty":"st","w":{"a":0,"ix":5,"k":0}},{"a":{"a":0,"ix":1,"k":[0,0]},"nm":"Transform","o":{"a":0,"ix":7,"k":100},"p":{"a":0,"ix":2,"k":[-26.438,0.438]},"r":{"a":0,"ix":6,"k":0},"s":{"a":0,"ix":3,"k":[100,100]},"sa":{"a":0,"ix":5,"k":0},"sk":{"a":0,"ix":4,"k":0},"ty":"tr"}],"ix":1,"mn":"ADBE Vector Group","nm":"Ellipse 1","np":3,"ty":"gr"}],"sr":1,"st":0,"ty":4},{"ao":0,"bm":0,"ddd":0,"ind":7,"ip":0,"ks":{"a":{"a":0,"ix":1,"k":[-27.516,0.125,0]},"o":{"a":0,"ix":11,"k":100},"p":{"a":0,"ix":2,"k":[59.484,60.125,0]},"r":{"a":0,"ix":10,"k":0},"s":{"a":0,"ix":6,"k":[100,100,100]}},"nm":"Shape Layer 6","op":120,"parent":1,"sr":1,"st":0,"ty":3},{"ao":0,"bm":0,"ddd":0,"ind":8,"ip":0,"ks":{"a":{"a":0,"ix":1,"k":[-26.438,0.438,0]},"o":{"a":0,"ix":11,"k":100},"p":{"a":1,"ix":2,"k":[{"i":{"x":0.667,"y":1},"o":{"x":0.89,"y":0},"s":[-27.438,-13.938,0],"t":0,"ti":[0,-5,0],"to":[0,-0.417,0]},{"i":{"x":0.804,"y":1},"o":{"x":0.176,"y":0},"s":[-27.438,-16.438,0],"t":7,"ti":[0,-5,0],"to":[0,5,0]},{"i":{"x":0,"y":1},"o":{"x":0.333,"y":0},"s":[-27.438,16.062,0],"t":11,"ti":[0,0.417,0],"to":[0,5,0]},{"s":[-27.438,13.562,0],"t":16}]},"r":{"a":0,"ix":10,"k":0},"s":{"a":0,"ix":6,"k":[100,100,100]}},"nm":"Shape Layer 5","op":120,"parent":10,"sr":1,"st":0,"ty":3},{"ao":0,"bm":0,"ddd":0,"ind":9,"ip":0,"ks":{"a":{"a":0,"ix":1,"k":[-26.438,0.438,0]},"o":{"a":0,"ix":11,"k":100},"p":{"a":0,"ix":2,"k":[-26.438,0.438,0]},"r":{"a":0,"ix":10,"k":0},"s":{"a":0,"ix":6,"k":[100,100,100]}},"nm":"Shape Layer 4","op":120,"parent":8,"shapes":[{"bm":0,"cix":2,"hd":false,"it":[{"d":1,"hd":false,"mn":"ADBE Vector Shape - Ellipse","nm":"Ellipse Path 1","p":{"a":0,"ix":3,"k":[0,0]},"s":{"a":0,"ix":2,"k":[13.125,13.125]},"ty":"el"},{"bm":0,"c":{"a":0,"ix":4,"k":[0.031372550875,0.658823549747,0.541176497936,1]},"hd":false,"mn":"ADBE Vector Graphic - Fill","nm":"Fill 1","o":{"a":0,"ix":5,"k":100},"r":1,"ty":"fl"},{"bm":0,"c":{"a":0,"ix":3,"k":[0.031372550875,0.658823549747,0.541176497936,1]},"hd":false,"lc":1,"lj":1,"ml":4,"mn":"ADBE Vector Graphic - Stroke","nm":"Stroke 1","o":{"a":0,"ix":4,"k":100},"ty":"st","w":{"a":0,"ix":5,"k":0}},{"a":{"a":0,"ix":1,"k":[0,0]},"nm":"Transform","o":{"a":0,"ix":7,"k":100},"p":{"a":0,"ix":2,"k":[-26.438,0.438]},"r":{"a":0,"ix":6,"k":0},"s":{"a":0,"ix":3,"k":[100,100]},"sa":{"a":0,"ix":5,"k":0},"sk":{"a":0,"ix":4,"k":0},"ty":"tr"}],"ix":1,"mn":"ADBE Vector Group","nm":"Ellipse 1","np":3,"ty":"gr"}],"sr":1,"st":0,"ty":4},{"ao":0,"bm":0,"ddd":0,"ind":10,"ip":0,"ks":{"a":{"a":0,"ix":1,"k":[-27.516,0.125,0]},"o":{"a":0,"ix":11,"k":100},"p":{"a":0,"ix":2,"k":[32.484,60.125,0]},"r":{"a":0,"ix":10,"k":0},"s":{"a":0,"ix":6,"k":[100,100,100]}},"nm":"Shape Layer 3","op":120,"parent":1,"sr":1,"st":0,"ty":3}]},{"id":"comp_2","layers":[{"ao":0,"bm":0,"ddd":0,"ind":1,"ip":0,"ks":{"a":{"a":0,"ix":1,"k":[60,60,0]},"o":{"a":0,"ix":11,"k":0},"p":{"a":0,"ix":2,"k":[250,250,0]},"r":{"a":0,"ix":10,"k":0},"s":{"a":0,"ix":6,"k":[370,370,100]}},"nm":"NULL","op":120,"sr":1,"st":0,"ty":3},{"ao":0,"bm":0,"ddd":0,"ind":4,"ip":0,"ks":{"a":{"a":0,"ix":1,"k":[-27.516,0.125,0]},"o":{"a":0,"ix":11,"k":100},"p":{"a":0,"ix":2,"k":[86.484,60.125,0]},"r":{"a":0,"ix":10,"k":0},"s":{"a":0,"ix":6,"k":[100,100,100]}},"nm":"Shape Layer 9","op":120,"parent":1,"shapes":[{"bm":0,"cix":2,"hd":false,"it":[{"hd":false,"ind":0,"ix":1,"ks":{"a":0,"ix":2,"k":{"c":false,"i":[[0,0],[0,0]],"o":[[0,0],[0,0]],"v":[[-27.516,-35.25],[-27.516,35.5]]}},"mn":"ADBE Vector Shape - Group","nm":"Path 1","ty":"sh"},{"bm":0,"c":{"a":0,"ix":3,"k":[0.031372550875,0.658823549747,0.541176497936,1],"x":"var $bm_rt;\n$bm_rt = comp('201-settings-sliders-morph-outline').layer('Color  & Stroke Change').effect('Primary')('Color');"},"hd":false,"lc":2,"lj":2,"mn":"ADBE Vector Graphic - Stroke","nm":"Stroke 1","o":{"a":0,"ix":4,"k":100},"ty":"st","w":{"a":0,"ix":5,"k":5,"x":"var $bm_rt;\n$bm_rt = $bm_mul(5 / 100, comp('201-settings-sliders-morph-outline').layer('Color  & Stroke Change').effect('Stroke')('Slider'));"}},{"a":{"a":0,"ix":1,"k":[0,0]},"nm":"Transform","o":{"a":0,"ix":7,"k":100},"p":{"a":0,"ix":2,"k":[0,0]},"r":{"a":0,"ix":6,"k":0},"s":{"a":0,"ix":3,"k":[100,100]},"sa":{"a":0,"ix":5,"k":0},"sk":{"a":0,"ix":4,"k":0},"ty":"tr"}],"ix":1,"mn":"ADBE Vector Group","nm":"Shape 1","np":3,"ty":"gr"}],"sr":1,"st":0,"ty":4},{"ao":0,"bm":0,"ddd":0,"ind":7,"ip":0,"ks":{"a":{"a":0,"ix":1,"k":[-27.516,0.125,0]},"o":{"a":0,"ix":11,"k":100},"p":{"a":0,"ix":2,"k":[59.484,60.125,0]},"r":{"a":0,"ix":10,"k":0},"s":{"a":0,"ix":6,"k":[100,100,100]}},"nm":"Shape Layer 6","op":120,"parent":1,"shapes":[{"bm":0,"cix":2,"hd":false,"it":[{"hd":false,"ind":0,"ix":1,"ks":{"a":0,"ix":2,"k":{"c":false,"i":[[0,0],[0,0]],"o":[[0,0],[0,0]],"v":[[-27.516,-35.25],[-27.516,35.5]]}},"mn":"ADBE Vector Shape - Group","nm":"Path 1","ty":"sh"},{"bm":0,"c":{"a":0,"ix":3,"k":[0.031372550875,0.658823549747,0.541176497936,1],"x":"var $bm_rt;\n$bm_rt = comp('201-settings-sliders-morph-outline').layer('Color  & Stroke Change').effect('Primary')('Color');"},"hd":false,"lc":2,"lj":2,"mn":"ADBE Vector Graphic - Stroke","nm":"Stroke 1","o":{"a":0,"ix":4,"k":100},"ty":"st","w":{"a":0,"ix":5,"k":5,"x":"var $bm_rt;\n$bm_rt = $bm_mul(5 / 100, comp('201-settings-sliders-morph-outline').layer('Color  & Stroke Change').effect('Stroke')('Slider'));"}},{"a":{"a":0,"ix":1,"k":[0,0]},"nm":"Transform","o":{"a":0,"ix":7,"k":100},"p":{"a":0,"ix":2,"k":[0,0]},"r":{"a":0,"ix":6,"k":0},"s":{"a":0,"ix":3,"k":[100,100]},"sa":{"a":0,"ix":5,"k":0},"sk":{"a":0,"ix":4,"k":0},"ty":"tr"}],"ix":1,"mn":"ADBE Vector Group","nm":"Shape 1","np":3,"ty":"gr"}],"sr":1,"st":0,"ty":4},{"ao":0,"bm":0,"ddd":0,"ind":10,"ip":0,"ks":{"a":{"a":0,"ix":1,"k":[-27.516,0.125,0]},"o":{"a":0,"ix":11,"k":100},"p":{"a":0,"ix":2,"k":[32.484,60.125,0]},"r":{"a":0,"ix":10,"k":0},"s":{"a":0,"ix":6,"k":[100,100,100]}},"nm":"Shape Layer 3","op":120,"parent":1,"shapes":[{"bm":0,"cix":2,"hd":false,"it":[{"hd":false,"ind":0,"ix":1,"ks":{"a":0,"ix":2,"k":{"c":false,"i":[[0,0],[0,0]],"o":[[0,0],[0,0]],"v":[[-27.516,-35.25],[-27.516,35.5]]}},"mn":"ADBE Vector Shape - Group","nm":"Path 1","ty":"sh"},{"bm":0,"c":{"a":0,"ix":3,"k":[0.031372550875,0.658823549747,0.541176497936,1],"x":"var $bm_rt;\n$bm_rt = comp('201-settings-sliders-morph-outline').layer('Color  & Stroke Change').effect('Primary')('Color');"},"hd":false,"lc":2,"lj":2,"mn":"ADBE Vector Graphic - Stroke","nm":"Stroke 1","o":{"a":0,"ix":4,"k":100},"ty":"st","w":{"a":0,"ix":5,"k":5,"x":"var $bm_rt;\n$bm_rt = $bm_mul(5 / 100, comp('201-settings-sliders-morph-outline').layer('Color  & Stroke Change').effect('Stroke')('Slider'));"}},{"a":{"a":0,"ix":1,"k":[0,0]},"nm":"Transform","o":{"a":0,"ix":7,"k":100},"p":{"a":0,"ix":2,"k":[0,0]},"r":{"a":0,"ix":6,"k":0},"s":{"a":0,"ix":3,"k":[100,100]},"sa":{"a":0,"ix":5,"k":0},"sk":{"a":0,"ix":4,"k":0},"ty":"tr"}],"ix":1,"mn":"ADBE Vector Group","nm":"Shape 1","np":3,"ty":"gr"}],"sr":1,"st":0,"ty":4}]}],"ddd":0,"fr":24,"h":500,"ip":0,"layers":[{"ao":0,"bm":0,"ddd":0,"ef":[{"ef":[{"ix":1,"mn":"ADBE Checkbox Control-0001","nm":"Checkbox","ty":7,"v":{"a":0,"ix":1,"k":0}}],"en":1,"ix":1,"mn":"ADBE Checkbox Control","nm":"02092020002","np":3,"ty":5}],"ind":1,"ip":0,"ks":{"a":{"a":0,"ix":1,"k":[60,60,0]},"o":{"a":0,"ix":11,"k":0},"p":{"a":0,"ix":2,"k":[-105,15,0]},"r":{"a":0,"ix":10,"k":0},"s":{"a":0,"ix":6,"k":[100,100,100]}},"nm":"02092020","op":120,"sr":1,"st":0,"ty":3},{"ao":0,"bm":0,"cl":"com","ddd":0,"ind":2,"ip":1,"ks":{"a":{"a":0,"ix":1,"k":[79.934,0.369,0]},"o":{"a":0,"ix":11,"k":20,"x":"var $bm_rt;\nvar checkbox = thisComp.layer('02092020').effect('02092020002')('Checkbox');\nif (checkbox == 1) {\n    $bm_rt = 20;\n} else {\n    $bm_rt = 0;\n}\n;"},"p":{"a":0,"ix":2,"k":[249.934,481.369,0]},"r":{"a":0,"ix":10,"k":0},"s":{"a":0,"ix":6,"k":[265.159,265.159,100]}},"nm":"lordicon.com Outlines","op":10,"shapes":[{"bm":0,"cix":2,"hd":false,"it":[{"hd":false,"ind":0,"ix":1,"ks":{"a":0,"ix":2,"k":{"c":true,"i":[[0,0],[0,0],[0,0],[0,0],[0,0],[0,0]],"o":[[0,0],[0,0],[0,0],[0,0],[0,0],[0,0]],"v":[[1.415,0],[11.014,0],[11.014,-2.523],[4.656,-2.523],[4.656,-14.809],[1.415,-14.809]]}},"mn":"ADBE Vector Shape - Group","nm":"l","ty":"sh"},{"bm":0,"c":{"a":0,"ix":4,"k":[0,0,0,1]},"hd":false,"mn":"ADBE Vector Graphic - Fill","nm":"Fill 1","o":{"a":0,"ix":5,"k":100},"r":1,"ty":"fl"},{"a":{"a":0,"ix":1,"k":[0,0]},"nm":"Transform","o":{"a":0,"ix":7,"k":100},"p":{"a":0,"ix":2,"k":[0,0]},"r":{"a":0,"ix":6,"k":0},"s":{"a":0,"ix":3,"k":[100,100]},"sa":{"a":0,"ix":5,"k":0},"sk":{"a":0,"ix":4,"k":0},"ty":"tr"}],"ix":1,"mn":"ADBE Vector Group","nm":"l","np":3,"ty":"gr"},{"bm":0,"cix":2,"hd":false,"it":[{"hd":false,"ind":0,"ix":1,"ks":{"a":0,"ix":2,"k":{"c":true,"i":[[0,-3.938],[-1.62,-1.723],[-1.949,0],[-1.641,1.846],[0,2.154],[1.579,1.805],[1.579,0]],"o":[[0,1.354],[1.354,1.415],[1.231,0],[1.21,-1.354],[0,-1.456],[-1.456,-1.641],[-5.333,0]],"v":[[11.167,-7.199],[12.992,-1.661],[18.243,0.369],[23.514,-1.743],[25.381,-7.548],[23.494,-13.127],[18.284,-15.137]]}},"mn":"ADBE Vector Shape - Group","nm":"o","ty":"sh"},{"hd":false,"ind":1,"ix":2,"ks":{"a":0,"ix":2,"k":{"c":true,"i":[[0,1.415],[-0.841,1.026],[-1.19,0],[-0.615,-1.825],[0,-0.718],[0.492,-0.738],[1.292,0],[0.451,0.615]],"o":[[0,-1.682],[0.595,-0.759],[1.518,0],[0.308,0.902],[0,2.359],[-0.595,0.923],[-1.477,0],[-0.882,-1.149]],"v":[[14.49,-7.302],[15.577,-11.609],[18.305,-12.86],[21.689,-10.235],[22.058,-7.589],[21.053,-3.343],[18.284,-1.969],[15.597,-3.159]]}},"mn":"ADBE Vector Shape - Group","nm":"o","ty":"sh"},{"hd":false,"mm":1,"mn":"ADBE Vector Filter - Merge","nm":"Merge Paths 1","ty":"mm"},{"bm":0,"c":{"a":0,"ix":4,"k":[0,0,0,1]},"hd":false,"mn":"ADBE Vector Graphic - Fill","nm":"Fill 1","o":{"a":0,"ix":5,"k":100},"r":1,"ty":"fl"},{"a":{"a":0,"ix":1,"k":[0,0]},"nm":"Transform","o":{"a":0,"ix":7,"k":100},"p":{"a":0,"ix":2,"k":[0,0]},"r":{"a":0,"ix":6,"k":0},"s":{"a":0,"ix":3,"k":[100,100]},"sa":{"a":0,"ix":5,"k":0},"sk":{"a":0,"ix":4,"k":0},"ty":"tr"}],"ix":2,"mn":"ADBE Vector Group","nm":"o","np":5,"ty":"gr"},{"bm":0,"cix":2,"hd":false,"it":[{"hd":false,"ind":0,"ix":1,"ks":{"a":0,"ix":2,"k":{"c":true,"i":[[0,0],[0,0],[0,0],[0,0],[-0.287,-0.841],[-0.144,-0.82],[0,0],[0.164,0.656],[0.226,1.743],[2.236,0.205],[0,2.769],[0.923,0.8],[1.641,-0.021],[0,0]],"o":[[0,0],[0,0],[0,0],[0.533,0],[0.205,0.574],[0,0],[-0.164,-0.246],[-0.103,-0.41],[-0.267,-1.928],[0.718,-0.205],[0,-0.964],[-1.19,-1.026],[0,0],[0,0]],"v":[[27.381,0],[30.622,0],[30.622,-5.989],[33.411,-5.989],[35.011,-5.148],[35.811,0],[39.318,0],[38.867,-1.067],[38.416,-3.938],[35.749,-7.343],[38.847,-10.973],[37.554,-13.824],[33.063,-14.829],[27.381,-14.829]]}},"mn":"ADBE Vector Shape - Group","nm":"r","ty":"sh"},{"hd":false,"ind":1,"ix":2,"ks":{"a":0,"ix":2,"k":{"c":true,"i":[[0,0],[0,0],[-0.492,-0.349],[0,-1.005],[0.226,-0.164],[0.369,0],[0,0]],"o":[[0,0],[1.005,0],[0.287,0.185],[0,1.046],[-0.513,0.41],[0,0],[0,0]],"v":[[30.519,-12.491],[32.652,-12.491],[34.744,-12.142],[35.524,-10.481],[34.703,-8.758],[33.083,-8.348],[30.519,-8.348]]}},"mn":"ADBE Vector Shape - Group","nm":"r","ty":"sh"},{"hd":false,"mm":1,"mn":"ADBE Vector Filter - Merge","nm":"Merge Paths 1","ty":"mm"},{"bm":0,"c":{"a":0,"ix":4,"k":[0,0,0,1]},"hd":false,"mn":"ADBE Vector Graphic - Fill","nm":"Fill 1","o":{"a":0,"ix":5,"k":100},"r":1,"ty":"fl"},{"a":{"a":0,"ix":1,"k":[0,0]},"nm":"Transform","o":{"a":0,"ix":7,"k":100},"p":{"a":0,"ix":2,"k":[0,0]},"r":{"a":0,"ix":6,"k":0},"s":{"a":0,"ix":3,"k":[100,100]},"sa":{"a":0,"ix":5,"k":0},"sk":{"a":0,"ix":4,"k":0},"ty":"tr"}],"ix":3,"mn":"ADBE Vector Group","nm":"r","np":5,"ty":"gr"},{"bm":0,"cix":2,"hd":false,"it":[{"hd":false,"ind":0,"ix":1,"ks":{"a":0,"ix":2,"k":{"c":true,"i":[[0,0],[0,0],[-0.554,0.103],[0,4.553],[1.866,1.374],[0.82,0],[0,0]],"o":[[0,0],[1.497,0],[2.81,-0.513],[0,-2.113],[-1.784,-1.313],[0,0],[0,0]],"v":[[41.068,0],[45.683,0],[48.349,-0.164],[53.6,-7.609],[51.077,-13.434],[45.97,-14.768],[41.068,-14.788]]}},"mn":"ADBE Vector Shape - Group","nm":"d","ty":"sh"},{"hd":false,"ind":1,"ix":2,"ks":{"a":0,"ix":2,"k":{"c":true,"i":[[0,0],[-0.656,-0.185],[0,-2.092],[1.251,-1.251],[1.354,0],[0.349,0.021]],"o":[[1.825,-0.082],[1.99,0.554],[0,0.718],[-0.923,0.923],[-0.369,0],[0,0]],"v":[[44.288,-12.388],[47.611,-12.183],[50.318,-7.609],[48.985,-3.425],[45.539,-2.4],[44.288,-2.441]]}},"mn":"ADBE Vector Shape - Group","nm":"d","ty":"sh"},{"hd":false,"mm":1,"mn":"ADBE Vector Filter - Merge","nm":"Merge Paths 1","ty":"mm"},{"bm":0,"c":{"a":0,"ix":4,"k":[0,0,0,1]},"hd":false,"mn":"ADBE Vector Graphic - Fill","nm":"Fill 1","o":{"a":0,"ix":5,"k":100},"r":1,"ty":"fl"},{"a":{"a":0,"ix":1,"k":[0,0]},"nm":"Transform","o":{"a":0,"ix":7,"k":100},"p":{"a":0,"ix":2,"k":[0,0]},"r":{"a":0,"ix":6,"k":0},"s":{"a":0,"ix":3,"k":[100,100]},"sa":{"a":0,"ix":5,"k":0},"sk":{"a":0,"ix":4,"k":0},"ty":"tr"}],"ix":4,"mn":"ADBE Vector Group","nm":"d","np":5,"ty":"gr"},{"bm":0,"cix":2,"hd":false,"it":[{"hd":false,"ind":0,"ix":1,"ks":{"a":0,"ix":2,"k":{"c":true,"i":[[0,0],[0,0],[0,0],[0,0]],"o":[[0,0],[0,0],[0,0],[0,0]],"v":[[55.669,0],[58.849,0],[58.849,-14.87],[55.669,-14.87]]}},"mn":"ADBE Vector Shape - Group","nm":"i","ty":"sh"},{"bm":0,"c":{"a":0,"ix":4,"k":[0,0,0,1]},"hd":false,"mn":"ADBE Vector Graphic - Fill","nm":"Fill 1","o":{"a":0,"ix":5,"k":100},"r":1,"ty":"fl"},{"a":{"a":0,"ix":1,"k":[0,0]},"nm":"Transform","o":{"a":0,"ix":7,"k":100},"p":{"a":0,"ix":2,"k":[0,0]},"r":{"a":0,"ix":6,"k":0},"s":{"a":0,"ix":3,"k":[100,100]},"sa":{"a":0,"ix":5,"k":0},"sk":{"a":0,"ix":4,"k":0},"ty":"tr"}],"ix":5,"mn":"ADBE Vector Group","nm":"i","np":3,"ty":"gr"},{"bm":0,"cix":2,"hd":false,"it":[{"hd":false,"ind":0,"ix":1,"ks":{"a":0,"ix":2,"k":{"c":true,"i":[[0,0],[3.241,0],[0,-4.697],[-5.107,0],[-1.313,1.354],[-0.062,0.882],[0,0],[1.333,0],[0,0.882],[-2.359,0],[-0.062,-0.513]],"o":[[0,-2.954],[-4.164,0],[0,3.671],[1.354,0],[1.19,-1.231],[0,0],[-0.062,1.969],[-3.097,0],[0,-3.056],[2.154,0],[0,0]],"v":[[73.104,-9.989],[67.587,-14.911],[60.798,-7.097],[67.566,0.349],[71.894,-1.313],[73.227,-4.799],[69.884,-4.799],[67.218,-1.99],[64.121,-7.076],[67.464,-12.593],[69.864,-9.989]]}},"mn":"ADBE Vector Shape - Group","nm":"c","ty":"sh"},{"bm":0,"c":{"a":0,"ix":4,"k":[0,0,0,1]},"hd":false,"mn":"ADBE Vector Graphic - Fill","nm":"Fill 1","o":{"a":0,"ix":5,"k":100},"r":1,"ty":"fl"},{"a":{"a":0,"ix":1,"k":[0,0]},"nm":"Transform","o":{"a":0,"ix":7,"k":100},"p":{"a":0,"ix":2,"k":[0,0]},"r":{"a":0,"ix":6,"k":0},"s":{"a":0,"ix":3,"k":[100,100]},"sa":{"a":0,"ix":5,"k":0},"sk":{"a":0,"ix":4,"k":0},"ty":"tr"}],"ix":6,"mn":"ADBE Vector Group","nm":"c","np":3,"ty":"gr"},{"bm":0,"cix":2,"hd":false,"it":[{"hd":false,"ind":0,"ix":1,"ks":{"a":0,"ix":2,"k":{"c":true,"i":[[0,-3.938],[-1.62,-1.723],[-1.949,0],[-1.641,1.846],[0,2.154],[1.579,1.805],[1.579,0]],"o":[[0,1.354],[1.354,1.415],[1.231,0],[1.21,-1.354],[0,-1.456],[-1.456,-1.641],[-5.333,0]],"v":[[74.546,-7.199],[76.372,-1.661],[81.622,0.369],[86.894,-1.743],[88.76,-7.548],[86.873,-13.127],[81.663,-15.137]]}},"mn":"ADBE Vector Shape - Group","nm":"o","ty":"sh"},{"hd":false,"ind":1,"ix":2,"ks":{"a":0,"ix":2,"k":{"c":true,"i":[[0,1.415],[-0.841,1.026],[-1.19,0],[-0.615,-1.825],[0,-0.718],[0.492,-0.738],[1.292,0],[0.451,0.615]],"o":[[0,-1.682],[0.595,-0.759],[1.518,0],[0.308,0.902],[0,2.359],[-0.595,0.923],[-1.477,0],[-0.882,-1.149]],"v":[[77.869,-7.302],[78.956,-11.609],[81.684,-12.86],[85.068,-10.235],[85.437,-7.589],[84.432,-3.343],[81.663,-1.969],[78.977,-3.159]]}},"mn":"ADBE Vector Shape - Group","nm":"o","ty":"sh"},{"hd":false,"mm":1,"mn":"ADBE Vector Filter - Merge","nm":"Merge Paths 1","ty":"mm"},{"bm":0,"c":{"a":0,"ix":4,"k":[0,0,0,1]},"hd":false,"mn":"ADBE Vector Graphic - Fill","nm":"Fill 1","o":{"a":0,"ix":5,"k":100},"r":1,"ty":"fl"},{"a":{"a":0,"ix":1,"k":[0,0]},"nm":"Transform","o":{"a":0,"ix":7,"k":100},"p":{"a":0,"ix":2,"k":[0,0]},"r":{"a":0,"ix":6,"k":0},"s":{"a":0,"ix":3,"k":[100,100]},"sa":{"a":0,"ix":5,"k":0},"sk":{"a":0,"ix":4,"k":0},"ty":"tr"}],"ix":7,"mn":"ADBE Vector Group","nm":"o","np":5,"ty":"gr"},{"bm":0,"cix":2,"hd":false,"it":[{"hd":false,"ind":0,"ix":1,"ks":{"a":0,"ix":2,"k":{"c":true,"i":[[0,0],[0,0],[0,0],[0,0],[0,0],[0,0],[0,0],[0,0],[0,0],[0,0]],"o":[[0,0],[0,0],[0,0],[0,0],[0,0],[0,0],[0,0],[0,0],[0,0],[0,0]],"v":[[91.007,0],[94.001,0],[94.001,-12.306],[99.744,0],[104.113,0],[104.113,-14.829],[101.159,-14.829],[101.159,-3.159],[95.601,-14.829],[91.007,-14.829]]}},"mn":"ADBE Vector Shape - Group","nm":"n","ty":"sh"},{"bm":0,"c":{"a":0,"ix":4,"k":[0,0,0,1]},"hd":false,"mn":"ADBE Vector Graphic - Fill","nm":"Fill 1","o":{"a":0,"ix":5,"k":100},"r":1,"ty":"fl"},{"a":{"a":0,"ix":1,"k":[0,0]},"nm":"Transform","o":{"a":0,"ix":7,"k":100},"p":{"a":0,"ix":2,"k":[0,0]},"r":{"a":0,"ix":6,"k":0},"s":{"a":0,"ix":3,"k":[100,100]},"sa":{"a":0,"ix":5,"k":0},"sk":{"a":0,"ix":4,"k":0},"ty":"tr"}],"ix":8,"mn":"ADBE Vector Group","nm":"n","np":3,"ty":"gr"},{"bm":0,"cix":2,"hd":false,"it":[{"hd":false,"ind":0,"ix":1,"ks":{"a":0,"ix":2,"k":{"c":true,"i":[[0,0],[0,0],[0,0],[0,0]],"o":[[0,0],[0,0],[0,0],[0,0]],"v":[[106.893,0],[109.497,0],[109.497,-2.728],[106.893,-2.728]]}},"mn":"ADBE Vector Shape - Group","nm":".","ty":"sh"},{"bm":0,"c":{"a":0,"ix":4,"k":[0,0,0,1]},"hd":false,"mn":"ADBE Vector Graphic - Fill","nm":"Fill 1","o":{"a":0,"ix":5,"k":100},"r":1,"ty":"fl"},{"a":{"a":0,"ix":1,"k":[0,0]},"nm":"Transform","o":{"a":0,"ix":7,"k":100},"p":{"a":0,"ix":2,"k":[0,0]},"r":{"a":0,"ix":6,"k":0},"s":{"a":0,"ix":3,"k":[100,100]},"sa":{"a":0,"ix":5,"k":0},"sk":{"a":0,"ix":4,"k":0},"ty":"tr"}],"ix":9,"mn":"ADBE Vector Group","nm":".","np":3,"ty":"gr"},{"bm":0,"cix":2,"hd":false,"it":[{"hd":false,"ind":0,"ix":1,"ks":{"a":0,"ix":2,"k":{"c":true,"i":[[0,0],[3.241,0],[0,-4.697],[-5.107,0],[-1.313,1.354],[-0.062,0.882],[0,0],[1.333,0],[0,0.882],[-2.359,0],[-0.062,-0.513]],"o":[[0,-2.954],[-4.164,0],[0,3.671],[1.354,0],[1.19,-1.231],[0,0],[-0.062,1.969],[-3.097,0],[0,-3.056],[2.154,0],[0,0]],"v":[[124.04,-9.989],[118.523,-14.911],[111.734,-7.097],[118.502,0.349],[122.83,-1.313],[124.163,-4.799],[120.82,-4.799],[118.154,-1.99],[115.057,-7.076],[118.4,-12.593],[120.8,-9.989]]}},"mn":"ADBE Vector Shape - Group","nm":"c","ty":"sh"},{"bm":0,"c":{"a":0,"ix":4,"k":[0,0,0,1]},"hd":false,"mn":"ADBE Vector Graphic - Fill","nm":"Fill 1","o":{"a":0,"ix":5,"k":100},"r":1,"ty":"fl"},{"a":{"a":0,"ix":1,"k":[0,0]},"nm":"Transform","o":{"a":0,"ix":7,"k":100},"p":{"a":0,"ix":2,"k":[0,0]},"r":{"a":0,"ix":6,"k":0},"s":{"a":0,"ix":3,"k":[100,100]},"sa":{"a":0,"ix":5,"k":0},"sk":{"a":0,"ix":4,"k":0},"ty":"tr"}],"ix":10,"mn":"ADBE Vector Group","nm":"c","np":3,"ty":"gr"},{"bm":0,"cix":2,"hd":false,"it":[{"hd":false,"ind":0,"ix":1,"ks":{"a":0,"ix":2,"k":{"c":true,"i":[[0,-3.938],[-1.62,-1.723],[-1.949,0],[-1.641,1.846],[0,2.154],[1.579,1.805],[1.579,0]],"o":[[0,1.354],[1.354,1.415],[1.231,0],[1.21,-1.354],[0,-1.456],[-1.456,-1.641],[-5.333,0]],"v":[[125.482,-7.199],[127.308,-1.661],[132.558,0.369],[137.829,-1.743],[139.696,-7.548],[137.809,-13.127],[132.599,-15.137]]}},"mn":"ADBE Vector Shape - Group","nm":"o","ty":"sh"},{"hd":false,"ind":1,"ix":2,"ks":{"a":0,"ix":2,"k":{"c":true,"i":[[0,1.415],[-0.841,1.026],[-1.19,0],[-0.615,-1.825],[0,-0.718],[0.492,-0.738],[1.292,0],[0.451,0.615]],"o":[[0,-1.682],[0.595,-0.759],[1.518,0],[0.308,0.902],[0,2.359],[-0.595,0.923],[-1.477,0],[-0.882,-1.149]],"v":[[128.805,-7.302],[129.892,-11.609],[132.62,-12.86],[136.004,-10.235],[136.373,-7.589],[135.368,-3.343],[132.599,-1.969],[129.912,-3.159]]}},"mn":"ADBE Vector Shape - Group","nm":"o","ty":"sh"},{"hd":false,"mm":1,"mn":"ADBE Vector Filter - Merge","nm":"Merge Paths 1","ty":"mm"},{"bm":0,"c":{"a":0,"ix":4,"k":[0,0,0,1]},"hd":false,"mn":"ADBE Vector Graphic - Fill","nm":"Fill 1","o":{"a":0,"ix":5,"k":100},"r":1,"ty":"fl"},{"a":{"a":0,"ix":1,"k":[0,0]},"nm":"Transform","o":{"a":0,"ix":7,"k":100},"p":{"a":0,"ix":2,"k":[0,0]},"r":{"a":0,"ix":6,"k":0},"s":{"a":0,"ix":3,"k":[100,100]},"sa":{"a":0,"ix":5,"k":0},"sk":{"a":0,"ix":4,"k":0},"ty":"tr"}],"ix":11,"mn":"ADBE Vector Group","nm":"o","np":5,"ty":"gr"},{"bm":0,"cix":2,"hd":false,"it":[{"hd":false,"ind":0,"ix":1,"ks":{"a":0,"ix":2,"k":{"c":true,"i":[[0,0],[0,0],[0,0],[0,0],[0,0],[0,0],[0,0],[0,0],[0,0],[0,0],[0,0],[0,0],[0,0]],"o":[[0,0],[0,0],[0,0],[0,0],[0,0],[0,0],[0,0],[0,0],[0,0],[0,0],[0,0],[0,0],[0,0]],"v":[[141.696,0],[144.67,0],[144.67,-12.716],[148.629,0],[151.254,0],[155.295,-12.716],[155.295,0],[158.453,0],[158.453,-14.829],[153.408,-14.829],[150.024,-4.041],[146.885,-14.829],[141.696,-14.829]]}},"mn":"ADBE Vector Shape - Group","nm":"m","ty":"sh"},{"bm":0,"c":{"a":0,"ix":4,"k":[0,0,0,1]},"hd":false,"mn":"ADBE Vector Graphic - Fill","nm":"Fill 1","o":{"a":0,"ix":5,"k":100},"r":1,"ty":"fl"},{"a":{"a":0,"ix":1,"k":[0,0]},"nm":"Transform","o":{"a":0,"ix":7,"k":100},"p":{"a":0,"ix":2,"k":[0,0]},"r":{"a":0,"ix":6,"k":0},"s":{"a":0,"ix":3,"k":[100,100]},"sa":{"a":0,"ix":5,"k":0},"sk":{"a":0,"ix":4,"k":0},"ty":"tr"}],"ix":12,"mn":"ADBE Vector Group","nm":"m","np":3,"ty":"gr"}],"sr":1,"st":0,"ty":4},{"ao":0,"bm":0,"ddd":0,"ef":[{"ef":[{"ix":1,"mn":"ADBE Color Control-0001","nm":"Color","ty":2,"v":{"a":0,"ix":1,"k":[0.749,0.749,0.749]}}],"en":1,"ix":1,"mn":"ADBE Color Control","nm":"Primary","np":3,"ty":5},{"ef":[{"ix":1,"mn":"ADBE Color Control-0001","nm":"Color","ty":2,"v":{"a":0,"ix":1,"k":[0.882,0.882,0.882]}}],"en":1,"ix":2,"mn":"ADBE Color Control","nm":"Secondary","np":3,"ty":5},{"ef":[{"ix":1,"mn":"ADBE Slider Control-0001","nm":"Slider","ty":0,"v":{"a":0,"ix":1,"k":112}}],"en":1,"ix":3,"mn":"ADBE Slider Control","nm":"Stroke","np":3,"ty":5},{"ef":[{"ix":1,"mn":"ADBE Slider Control-0001","nm":"Slider","ty":0,"v":{"a":0,"ix":1,"k":100}}],"en":1,"ix":4,"mn":"ADBE Slider Control","nm":"Scale","np":3,"ty":5},{"ef":[{"ix":1,"mn":"ADBE Point Control-0001","nm":"Point","ty":3,"v":{"a":0,"ix":1,"k":[250,250]}}],"en":1,"ix":5,"mn":"ADBE Point Control","nm":"Axis","np":3,"ty":5}],"ind":3,"ip":0,"ks":{"a":{"a":0,"ix":1,"k":[0,0,0]},"o":{"a":0,"ix":11,"k":0},"p":{"a":0,"ix":2,"k":[0,0]},"r":{"a":0,"ix":10,"k":0},"s":{"a":0,"ix":6,"k":[100,100,100]}},"nm":"Color  & Stroke Change","op":120,"sr":1,"st":0,"ty":3},{"ao":0,"bm":0,"ddd":0,"ind":4,"ip":0,"ks":{"a":{"a":0,"ix":1,"k":[60,60,0]},"o":{"a":0,"ix":11,"k":0},"p":{"a":0,"ix":2,"k":[250,250,0],"x":"var $bm_rt;\n$bm_rt = thisComp.layer('Color  & Stroke Change').effect('Axis')('Point');"},"r":{"a":0,"ix":10,"k":0},"s":{"a":0,"ix":6,"k":[100,100,100],"x":"var $bm_rt;\nvar temp;\ntemp = thisComp.layer('Color  & Stroke Change').effect('Scale')('Slider');\n$bm_rt = [\n    temp,\n    temp\n];"}},"nm":"NULL","op":120,"sr":1,"st":0,"ty":3},{"ao":0,"bm":0,"ddd":0,"h":500,"ind":5,"ip":0,"ks":{"a":{"a":0,"ix":1,"k":[250,250,0]},"o":{"a":0,"ix":11,"k":100},"p":{"a":0,"ix":2,"k":[60,60,0]},"r":{"a":0,"ix":10,"k":0},"s":{"a":0,"ix":6,"k":[100,100,100]}},"nm":"Source_201_1","op":120,"parent":4,"refId":"comp_0","sr":1,"st":0,"ty":0,"w":500},{"ao":0,"bm":0,"ddd":0,"h":500,"ind":6,"ip":0,"ks":{"a":{"a":0,"ix":1,"k":[250,250,0]},"o":{"a":0,"ix":11,"k":100},"p":{"a":0,"ix":2,"k":[60,60,0]},"r":{"a":0,"ix":10,"k":0},"s":{"a":0,"ix":6,"k":[100,100,100]}},"nm":"Source_201_2","op":120,"parent":4,"refId":"comp_1","sr":1,"st":0,"td":1,"ty":0,"w":500},{"ao":0,"bm":0,"ddd":0,"h":500,"ind":7,"ip":0,"ks":{"a":{"a":0,"ix":1,"k":[250,250,0]},"o":{"a":0,"ix":11,"k":100},"p":{"a":0,"ix":2,"k":[60,60,0]},"r":{"a":0,"ix":10,"k":0},"s":{"a":0,"ix":6,"k":[100,100,100]}},"nm":"Source_201_3","op":120,"parent":4,"refId":"comp_2","sr":1,"st":0,"tt":2,"ty":0,"w":500}],"markers":[],"nm":"201-settings-sliders-morph-outline","op":17,"v":"5.6.10","w":500}