{"assets":[{"id":"comp_0","layers":[]}],"ddd":0,"fr":100,"h":500,"ip":0,"layers":[{"ao":0,"bm":0,"ddd":0,"h":500,"ind":1,"ip":0,"ks":{"a":{"a":0,"ix":1,"k":[250,250,0]},"o":{"a":0,"ix":11,"k":100},"p":{"a":0,"ix":2,"k":[250,250,0]},"r":{"a":0,"ix":10,"k":0},"s":{"a":0,"ix":6,"k":[100,100,100]}},"nm":"Watermark","op":2083.33333333333,"refId":"comp_0","sr":1,"st":0,"ty":0,"w":500},{"ao":0,"bm":0,"ddd":0,"ef":[{"ef":[{"ix":1,"mn":"ADBE Color Control-0001","nm":"Color","ty":2,"v":{"a":0,"ix":1,"k":[0.89,0.89,0.89]}}],"en":1,"ix":1,"mn":"ADBE Color Control","nm":"Primary","np":3,"ty":5},{"ef":[{"ix":1,"mn":"ADBE Color Control-0001","nm":"Color","ty":2,"v":{"a":0,"ix":1,"k":[0.89,0.89,0.89]}}],"en":1,"ix":2,"mn":"ADBE Color Control","nm":"Secondary","np":3,"ty":5},{"ef":[{"ix":1,"mn":"ADBE Slider Control-0001","nm":"Slider","ty":0,"v":{"a":0,"ix":1,"k":140}}],"en":1,"ix":3,"mn":"ADBE Slider Control","nm":"Stroke","np":3,"ty":5},{"ef":[{"ix":1,"mn":"ADBE Slider Control-0001","nm":"Slider","ty":0,"v":{"a":0,"ix":1,"k":100}}],"en":1,"ix":4,"mn":"ADBE Slider Control","nm":"Scale","np":3,"ty":5},{"ef":[{"ix":1,"mn":"ADBE Point Control-0001","nm":"Point","ty":3,"v":{"a":0,"ix":1,"k":[250,250]}}],"en":1,"ix":5,"mn":"ADBE Point Control","nm":"Axis","np":3,"ty":5}],"ind":2,"ip":0,"ks":{"a":{"a":0,"ix":1,"k":[0,0,0]},"o":{"a":0,"ix":11,"k":0},"p":{"a":0,"ix":2,"k":[0,0]},"r":{"a":0,"ix":10,"k":0},"s":{"a":0,"ix":6,"k":[100,100,100]}},"nm":"Color  & Stroke Change","op":500,"sr":1,"st":0,"ty":3},{"ao":0,"bm":0,"ddd":0,"ind":3,"ip":0,"ks":{"a":{"a":0,"ix":1,"k":[60,60,0]},"o":{"a":0,"ix":11,"k":0},"p":{"a":0,"ix":2,"k":[250,250,0],"x":"var $bm_rt;\n$bm_rt = thisComp.layer('Color  & Stroke Change').effect('Axis')('Point');"},"r":{"a":0,"ix":10,"k":0},"s":{"a":0,"ix":6,"k":[100,100,100],"x":"var $bm_rt;\nvar temp;\ntemp = thisComp.layer('Color  & Stroke Change').effect('Scale')('Slider');\n$bm_rt = [\n    temp,\n    temp\n];"}},"nm":"NULL 3","op":500,"sr":1,"st":0,"ty":3},{"ao":0,"bm":0,"ddd":0,"ind":4,"ip":0,"ks":{"a":{"a":0,"ix":1,"k":[60,60,0]},"o":{"a":0,"ix":11,"k":0},"p":{"a":0,"ix":2,"k":[60,60,0]},"r":{"a":0,"ix":10,"k":0},"s":{"a":0,"ix":6,"k":[450,450,100]}},"nm":"NULL","op":500,"parent":3,"sr":1,"st":0,"ty":3},{"ao":0,"bm":0,"ddd":0,"ind":5,"ip":0,"ks":{"a":{"a":0,"ix":1,"k":[60,60,0]},"o":{"a":0,"ix":11,"k":0},"p":{"a":0,"ix":2,"k":[60,60,0]},"r":{"a":0,"ix":10,"k":180},"s":{"a":0,"ix":6,"k":[100,100,100]}},"nm":"NULL 2","op":500,"parent":4,"sr":1,"st":0,"ty":3},{"ao":0,"bm":0,"ddd":0,"ind":6,"ip":0,"ks":{"a":{"a":0,"ix":1,"k":[-20.549,12.747,0]},"o":{"a":0,"ix":11,"k":100},"p":{"a":1,"ix":2,"k":[{"i":{"x":0,"y":1},"o":{"x":0.167,"y":0.167},"s":[79.639,100.559,0],"t":0,"ti":[0,0,0],"to":[-0.125,-9.917,0]},{"i":{"x":0.667,"y":1},"o":{"x":1,"y":0},"s":[79.639,36.559,0],"t":49,"ti":[-0.117,-9.999,0],"to":[0,0,0]},{"i":{"x":0.667,"y":1},"o":{"x":0.333,"y":0},"s":[79.639,100.559,0],"t":76,"ti":[0,-0.042,0],"to":[-0.062,-1.292,0]},{"i":{"x":0.667,"y":1},"o":{"x":0.333,"y":0},"s":[79.639,97.059,0],"t":91,"ti":[0,0,0],"to":[0,0.042,0]},{"i":{"x":0.667,"y":1},"o":{"x":0.333,"y":0},"s":[79.639,100.809,0],"t":106,"ti":[0,0.042,0],"to":[0,0,0]},{"i":{"x":0.667,"y":1},"o":{"x":0.333,"y":0},"s":[79.639,97.059,0],"t":121,"ti":[-0.053,-2.022,0],"to":[0,-0.042,0]},{"s":[79.639,100.559,0],"t":148}]},"r":{"a":0,"ix":10,"k":-45},"s":{"a":0,"ix":6,"k":[100,100,100]}},"nm":"Shape Layer 8","op":500,"parent":5,"shapes":[{"bm":0,"cix":2,"hd":false,"it":[{"hd":false,"ind":0,"ix":1,"ks":{"a":0,"ix":2,"k":{"c":false,"i":[[0,0],[0,0],[0,0]],"o":[[0,0],[0,0],[0,0]],"v":[[-20.549,-4.93],[-20.549,12.747],[-2.927,12.747]]}},"mn":"ADBE Vector Shape - Group","nm":"Path 1","ty":"sh"},{"bm":0,"c":{"a":0,"ix":3,"k":[0.070588235294,0.074509803922,0.192156877705,1],"x":"var $bm_rt;\n$bm_rt = thisComp.layer('Color  & Stroke Change').effect('Secondary')('Color');"},"hd":false,"lc":2,"lj":2,"mn":"ADBE Vector Graphic - Stroke","nm":"Stroke 1","o":{"a":0,"ix":4,"k":100},"ty":"st","w":{"a":0,"ix":5,"k":5,"x":"var $bm_rt;\n$bm_rt = $bm_mul(4 / 100, thisComp.layer('Color  & Stroke Change').effect('Stroke')('Slider'));"}},{"a":{"a":0,"ix":1,"k":[0,0]},"nm":"Transform","o":{"a":0,"ix":7,"k":100},"p":{"a":0,"ix":2,"k":[0,0]},"r":{"a":0,"ix":6,"k":0},"s":{"a":0,"ix":3,"k":[100,100]},"sa":{"a":0,"ix":5,"k":0},"sk":{"a":0,"ix":4,"k":0},"ty":"tr"}],"ix":1,"mn":"ADBE Vector Group","nm":"Shape 1","np":2,"ty":"gr"}],"sr":1,"st":0,"ty":4},{"ao":0,"bm":0,"ddd":0,"ind":7,"ip":0,"ks":{"a":{"a":0,"ix":1,"k":[0,0,0]},"o":{"a":0,"ix":11,"k":100},"p":{"a":0,"ix":2,"k":[50.5,47.75,0]},"r":{"a":0,"ix":10,"k":0},"s":{"a":0,"ix":6,"k":[100,100,100]}},"nm":"Shape Layer 7","op":500,"parent":5,"shapes":[{"bm":0,"cix":2,"hd":false,"it":[{"hd":false,"ind":0,"ix":1,"ks":{"a":0,"ix":2,"k":{"c":false,"i":[[0,0],[0,0]],"o":[[0,0],[0,0]],"v":[[28.937,-36.311],[29.041,56.75]]}},"mn":"ADBE Vector Shape - Group","nm":"Path 1","ty":"sh"},{"hd":false,"ix":2,"mn":"ADBE Vector Filter - RC","nm":"Round Corners 1","r":{"a":0,"ix":1,"k":34},"ty":"rd"},{"bm":0,"c":{"a":0,"ix":3,"k":[0.03137254902,0.662745098039,0.545098039216,1],"x":"var $bm_rt;\n$bm_rt = thisComp.layer('Shape Layer 8').content('Shape 1').content('Stroke 1').color;"},"hd":false,"lc":2,"lj":2,"mn":"ADBE Vector Graphic - Stroke","nm":"Stroke 2","o":{"a":0,"ix":4,"k":100},"ty":"st","w":{"a":0,"ix":5,"k":4,"x":"var $bm_rt;\n$bm_rt = thisComp.layer('Shape Layer 8').content('Shape 1').content('Stroke 1').strokeWidth;"}},{"a":{"a":0,"ix":1,"k":[0,0]},"nm":"Transform","o":{"a":0,"ix":7,"k":100},"p":{"a":0,"ix":2,"k":[0,0]},"r":{"a":0,"ix":6,"k":0},"s":{"a":0,"ix":3,"k":[100,100]},"sa":{"a":0,"ix":5,"k":0},"sk":{"a":0,"ix":4,"k":0},"ty":"tr"}],"ix":1,"mn":"ADBE Vector Group","nm":"Shape 1","np":3,"ty":"gr"},{"e":{"a":1,"ix":2,"k":[{"i":{"x":[0],"y":[1]},"o":{"x":[0.167],"y":[0.167]},"s":[93],"t":0},{"i":{"x":[0.667],"y":[1]},"o":{"x":[1],"y":[0]},"s":[24],"t":49},{"i":{"x":[0.667],"y":[1]},"o":{"x":[0.333],"y":[0]},"s":[93],"t":76},{"i":{"x":[0.667],"y":[1]},"o":{"x":[0.333],"y":[0]},"s":[90.769],"t":91},{"i":{"x":[0],"y":[1]},"o":{"x":[0.333],"y":[0]},"s":[93],"t":106},{"i":{"x":[0],"y":[1]},"o":{"x":[1],"y":[0]},"s":[92],"t":121},{"s":[93],"t":148}]},"hd":false,"ix":2,"m":1,"mn":"ADBE Vector Filter - Trim","nm":"Trim Paths 1","o":{"a":0,"ix":3,"k":0},"s":{"a":0,"ix":1,"k":9},"ty":"tm"}],"sr":1,"st":0,"ty":4},{"ao":0,"bm":0,"ddd":0,"ind":8,"ip":0,"ks":{"a":{"a":0,"ix":1,"k":[60,60,0]},"o":{"a":0,"ix":11,"k":0},"p":{"a":0,"ix":2,"k":[60,60,0]},"r":{"a":0,"ix":10,"k":0},"s":{"a":0,"ix":6,"k":[100,100,100]}},"nm":"NULL","op":500,"parent":4,"sr":1,"st":0,"ty":3},{"ao":0,"bm":0,"ddd":0,"ind":9,"ip":0,"ks":{"a":{"a":0,"ix":1,"k":[-20.549,12.747,0]},"o":{"a":0,"ix":11,"k":100},"p":{"a":1,"ix":2,"k":[{"i":{"x":0,"y":1},"o":{"x":0.167,"y":0.167},"s":[79.639,100.559,0],"t":0,"ti":[0,0,0],"to":[-0.125,-9.917,0]},{"i":{"x":0.667,"y":1},"o":{"x":1,"y":0},"s":[79.639,36.559,0],"t":49,"ti":[-0.117,-9.999,0],"to":[0,0,0]},{"i":{"x":0.667,"y":1},"o":{"x":0.333,"y":0},"s":[79.639,100.559,0],"t":76,"ti":[0,-0.042,0],"to":[-0.062,-1.292,0]},{"i":{"x":0.667,"y":1},"o":{"x":0.333,"y":0},"s":[79.639,97.059,0],"t":91,"ti":[0,0,0],"to":[0,0.042,0]},{"i":{"x":0.667,"y":1},"o":{"x":0.333,"y":0},"s":[79.639,100.809,0],"t":106,"ti":[0,0.042,0],"to":[0,0,0]},{"i":{"x":0.667,"y":1},"o":{"x":0.333,"y":0},"s":[79.639,97.059,0],"t":121,"ti":[-0.053,-2.022,0],"to":[0,-0.042,0]},{"s":[79.639,100.559,0],"t":148}]},"r":{"a":0,"ix":10,"k":-45},"s":{"a":0,"ix":6,"k":[100,100,100]}},"nm":"Shape Layer 6","op":500,"parent":8,"shapes":[{"bm":0,"cix":2,"hd":false,"it":[{"hd":false,"ind":0,"ix":1,"ks":{"a":0,"ix":2,"k":{"c":false,"i":[[0,0],[0,0],[0,0]],"o":[[0,0],[0,0],[0,0]],"v":[[-20.549,-4.93],[-20.549,12.747],[-2.927,12.747]]}},"mn":"ADBE Vector Shape - Group","nm":"Path 1","ty":"sh"},{"bm":0,"c":{"a":0,"ix":3,"k":[0.070588235294,0.074509803922,0.192156877705,1],"x":"var $bm_rt;\n$bm_rt = thisComp.layer('Color  & Stroke Change').effect('Primary')('Color');"},"hd":false,"lc":2,"lj":2,"mn":"ADBE Vector Graphic - Stroke","nm":"Stroke 1","o":{"a":0,"ix":4,"k":100},"ty":"st","w":{"a":0,"ix":5,"k":5,"x":"var $bm_rt;\n$bm_rt = $bm_mul(4 / 100, thisComp.layer('Color  & Stroke Change').effect('Stroke')('Slider'));"}},{"a":{"a":0,"ix":1,"k":[0,0]},"nm":"Transform","o":{"a":0,"ix":7,"k":100},"p":{"a":0,"ix":2,"k":[0,0]},"r":{"a":0,"ix":6,"k":0},"s":{"a":0,"ix":3,"k":[100,100]},"sa":{"a":0,"ix":5,"k":0},"sk":{"a":0,"ix":4,"k":0},"ty":"tr"}],"ix":1,"mn":"ADBE Vector Group","nm":"Shape 1","np":2,"ty":"gr"}],"sr":1,"st":0,"ty":4},{"ao":0,"bm":0,"ddd":0,"ind":10,"ip":0,"ks":{"a":{"a":0,"ix":1,"k":[0,0,0]},"o":{"a":0,"ix":11,"k":100},"p":{"a":0,"ix":2,"k":[50.5,47.75,0]},"r":{"a":0,"ix":10,"k":0},"s":{"a":0,"ix":6,"k":[100,100,100]}},"nm":"Shape Layer 5","op":500,"parent":8,"shapes":[{"bm":0,"cix":2,"hd":false,"it":[{"hd":false,"ind":0,"ix":1,"ks":{"a":0,"ix":2,"k":{"c":false,"i":[[0,0],[0,0]],"o":[[0,0],[0,0]],"v":[[28.937,-36.311],[29.041,56.75]]}},"mn":"ADBE Vector Shape - Group","nm":"Path 1","ty":"sh"},{"hd":false,"ix":2,"mn":"ADBE Vector Filter - RC","nm":"Round Corners 1","r":{"a":0,"ix":1,"k":34},"ty":"rd"},{"bm":0,"c":{"a":0,"ix":3,"k":[0.070588235294,0.074509803922,0.192156877705,1],"x":"var $bm_rt;\n$bm_rt = thisComp.layer('Color  & Stroke Change').effect('Primary')('Color');"},"hd":false,"lc":2,"lj":2,"mn":"ADBE Vector Graphic - Stroke","nm":"Stroke 1","o":{"a":0,"ix":4,"k":100},"ty":"st","w":{"a":0,"ix":5,"k":5,"x":"var $bm_rt;\n$bm_rt = $bm_mul(4 / 100, thisComp.layer('Color  & Stroke Change').effect('Stroke')('Slider'));"}},{"a":{"a":0,"ix":1,"k":[0,0]},"nm":"Transform","o":{"a":0,"ix":7,"k":100},"p":{"a":0,"ix":2,"k":[0,0]},"r":{"a":0,"ix":6,"k":0},"s":{"a":0,"ix":3,"k":[100,100]},"sa":{"a":0,"ix":5,"k":0},"sk":{"a":0,"ix":4,"k":0},"ty":"tr"}],"ix":1,"mn":"ADBE Vector Group","nm":"Shape 1","np":3,"ty":"gr"},{"e":{"a":1,"ix":2,"k":[{"i":{"x":[0],"y":[1]},"o":{"x":[0.167],"y":[0.167]},"s":[93],"t":0},{"i":{"x":[0.667],"y":[1]},"o":{"x":[1],"y":[0]},"s":[24],"t":49},{"i":{"x":[0.667],"y":[1]},"o":{"x":[0.333],"y":[0]},"s":[93],"t":76},{"i":{"x":[0.667],"y":[1]},"o":{"x":[0.333],"y":[0]},"s":[90.769],"t":91},{"i":{"x":[0],"y":[1]},"o":{"x":[0.333],"y":[0]},"s":[93],"t":106},{"i":{"x":[0],"y":[1]},"o":{"x":[1],"y":[0]},"s":[92],"t":121},{"s":[93],"t":148}]},"hd":false,"ix":2,"m":1,"mn":"ADBE Vector Filter - Trim","nm":"Trim Paths 1","o":{"a":0,"ix":3,"k":0},"s":{"a":0,"ix":1,"k":9},"ty":"tm"}],"sr":1,"st":0,"ty":4}],"markers":[{"cm":"2","dr":0,"tm":10},{"cm":"3","dr":0,"tm":64},{"cm":"4","dr":0,"tm":76},{"cm":"5","dr":0,"tm":88}],"nm":"219-arrow-8","op":149,"v":"5.6.10","w":500}