[{"inputs":[{"internalType":"bytes32[]","name":"_codes","type":"bytes32[]"},{"internalType":"address[]","name":"_implementations","type":"address[]"}],"stateMutability":"nonpayable","type":"constructor"},{"anonymous":false,"inputs":[{"indexed":true,"internalType":"bytes32","name":"code","type":"bytes32"}],"name":"CodeAdded","type":"event"},{"anonymous":false,"inputs":[{"indexed":true,"internalType":"address","name":"implementation","type":"address"}],"name":"ImplementationAdded","type":"event"},{"anonymous":false,"inputs":[{"indexed":true,"internalType":"address","name":"_newOwner","type":"address"}],"name":"OwnerChanged","type":"event"},{"inputs":[{"internalType":"bytes32","name":"","type":"bytes32"}],"name":"acceptedCodes","outputs":[{"internalType":"bool","name":"exists","type":"bool"},{"internalType":"uint128","name":"index","type":"uint128"}],"stateMutability":"view","type":"function"},{"inputs":[{"internalType":"address","name":"","type":"address"}],"name":"acceptedImplementations","outputs":[{"internalType":"bool","name":"exists","type":"bool"},{"internalType":"uint128","name":"index","type":"uint128"}],"stateMutability":"view","type":"function"},{"inputs":[{"internalType":"bytes32","name":"_code","type":"bytes32"}],"name":"addCode","outputs":[],"stateMutability":"nonpayable","type":"function"},{"inputs":[{"internalType":"address","name":"_argentWallet","type":"address"}],"name":"addCodeAndImplementationFromWallet","outputs":[],"stateMutability":"nonpayable","type":"function"},{"inputs":[{"internalType":"address","name":"_impl","type":"address"}],"name":"addImplementation","outputs":[],"stateMutability":"nonpayable","type":"function"},{"inputs":[{"internalType":"address","name":"_newOwner","type":"address"}],"name":"changeOwner","outputs":[],"stateMutability":"nonpayable","type":"function"},{"inputs":[],"name":"getCodes","outputs":[{"internalType":"bytes32[]","name":"","type":"bytes32[]"}],"stateMutability":"view","type":"function"},{"inputs":[],"name":"getImplementations","outputs":[{"internalType":"address[]","name":"","type":"address[]"}],"stateMutability":"view","type":"function"},{"inputs":[{"internalType":"address","name":"_wallet","type":"address"}],"name":"isArgentWallet","outputs":[{"internalType":"bool","name":"","type":"bool"}],"stateMutability":"view","type":"function"},{"inputs":[],"name":"owner","outputs":[{"internalType":"address","name":"","type":"address"}],"stateMutability":"view","type":"function"}]