[{"inputs":[{"internalType":"address payable","name":"_beneficiary","type":"address"},{"internalType":"bool","name":"readAndAgreedToMarketParticipationAgreement","type":"bool"}],"name":"commitEth","outputs":[],"stateMutability":"payable","type":"function"},{"inputs":[{"internalType":"uint256","name":"_amount","type":"uint256"},{"internalType":"bool","name":"readAndAgreedToMarketParticipationAgreement","type":"bool"}],"name":"commitTokens","outputs":[],"stateMutability":"nonpayable","type":"function"},{"inputs":[],"name":"finalize","outputs":[],"stateMutability":"nonpayable","type":"function"},{"inputs":[{"internalType":"address payable","name":"beneficiary","type":"address"}],"name":"withdrawTokens","outputs":[],"stateMutability":"nonpayable","type":"function"},{"inputs":[],"name":"withdrawTokens","outputs":[],"stateMutability":"nonpayable","type":"function"},{"inputs":[{"internalType":"address payable","name":"_wallet","type":"address"}],"name":"setAuctionWallet","outputs":[],"stateMutability":"nonpayable","type":"function"},{"inputs":[],"name":"marketTemplate","outputs":[{"internalType":"uint256","name":"","type":"uint256"}],"stateMutability":"view","type":"function"},{"inputs":[],"name":"wallet","outputs":[{"internalType":"address payable","name":"","type":"address"}],"stateMutability":"view","type":"function"},{"inputs":[],"name":"pointList","outputs":[{"internalType":"address","name":"","type":"address"}],"stateMutability":"view","type":"function"}]