[{"inputs":[{"internalType":"address","name":"who","type":"address"},{"internalType":"address[]","name":"addresses","type":"address[]"}],"name":"findBalances","outputs":[{"components":[{"internalType":"address","name":"token","type":"address"},{"internalType":"uint256","name":"balance","type":"uint256"}],"internalType":"struct BoringCryptoTokenScanner.Balance[]","name":"","type":"tuple[]"}],"stateMutability":"view","type":"function"},{"inputs":[{"internalType":"address","name":"who","type":"address"},{"internalType":"contract IFactory","name":"factory","type":"address"},{"internalType":"uint256","name":"fromID","type":"uint256"},{"internalType":"uint256","name":"toID","type":"uint256"}],"name":"findPairs","outputs":[{"components":[{"internalType":"address","name":"token","type":"address"},{"internalType":"address","name":"token0","type":"address"},{"internalType":"address","name":"token1","type":"address"}],"internalType":"struct BoringCryptoTokenScanner.Pair[]","name":"","type":"tuple[]"}],"stateMutability":"view","type":"function"},{"inputs":[{"internalType":"address","name":"who","type":"address"},{"internalType":"address[]","name":"addresses","type":"address[]"},{"internalType":"contract IFactory","name":"factory","type":"address"},{"internalType":"address","name":"currency","type":"address"}],"name":"getBalances","outputs":[{"components":[{"internalType":"address","name":"token","type":"address"},{"internalType":"uint256","name":"balance","type":"uint256"},{"internalType":"uint256","name":"rate","type":"uint256"}],"internalType":"struct BoringCryptoTokenScanner.BalanceFull[]","name":"","type":"tuple[]"}],"stateMutability":"view","type":"function"},{"inputs":[{"internalType":"contract IFactory[]","name":"addresses","type":"address[]"}],"name":"getFactoryInfo","outputs":[{"components":[{"internalType":"contract IFactory","name":"factory","type":"address"},{"internalType":"uint256","name":"allPairsLength","type":"uint256"},{"internalType":"address","name":"feeTo","type":"address"},{"internalType":"address","name":"feeToSetter","type":"address"}],"internalType":"struct BoringCryptoTokenScanner.Factory[]","name":"","type":"tuple[]"}],"stateMutability":"view","type":"function"},{"inputs":[{"internalType":"contract IFactory","name":"factory","type":"address"},{"internalType":"uint256","name":"fromID","type":"uint256"},{"internalType":"uint256","name":"toID","type":"uint256"}],"name":"getPairs","outputs":[{"components":[{"internalType":"address","name":"token","type":"address"},{"internalType":"address","name":"token0","type":"address"},{"internalType":"address","name":"token1","type":"address"}],"internalType":"struct BoringCryptoTokenScanner.Pair[]","name":"","type":"tuple[]"}],"stateMutability":"view","type":"function"},{"inputs":[{"internalType":"address","name":"who","type":"address"},{"internalType":"address[]","name":"addresses","type":"address[]"}],"name":"getPairsFull","outputs":[{"components":[{"internalType":"address","name":"token","type":"address"},{"internalType":"address","name":"token0","type":"address"},{"internalType":"address","name":"token1","type":"address"},{"internalType":"uint256","name":"reserve0","type":"uint256"},{"internalType":"uint256","name":"reserve1","type":"uint256"},{"internalType":"uint256","name":"totalSupply","type":"uint256"},{"internalType":"uint256","name":"balance","type":"uint256"}],"internalType":"struct BoringCryptoTokenScanner.PairFull[]","name":"","type":"tuple[]"}],"stateMutability":"view","type":"function"},{"inputs":[{"internalType":"address[]","name":"addresses","type":"address[]"}],"name":"getTokenInfo","outputs":[{"components":[{"internalType":"address","name":"token","type":"address"},{"internalType":"uint256","name":"decimals","type":"uint256"},{"internalType":"string","name":"name","type":"string"},{"internalType":"string","name":"symbol","type":"string"}],"internalType":"struct BoringCryptoTokenScanner.TokenInfo[]","name":"","type":"tuple[]"}],"stateMutability":"view","type":"function"}]