[{"inputs":[{"internalType":"address","name":"who","type":"address"},{"internalType":"address","name":"addr","type":"address"}],"name":"getPair","outputs":[{"components":[{"internalType":"contract IERC20","name":"collateral","type":"address"},{"internalType":"contract IERC20","name":"asset","type":"address"},{"internalType":"contract IOracle","name":"oracle","type":"address"},{"internalType":"bytes","name":"oracleData","type":"bytes"},{"internalType":"uint256","name":"totalCollateralShare","type":"uint256"},{"internalType":"uint256","name":"userCollateralShare","type":"uint256"},{"components":[{"internalType":"uint128","name":"elastic","type":"uint128"},{"internalType":"uint128","name":"base","type":"uint128"}],"internalType":"struct Rebase","name":"totalAsset","type":"tuple"},{"internalType":"uint256","name":"userAssetFraction","type":"uint256"},{"components":[{"internalType":"uint128","name":"elastic","type":"uint128"},{"internalType":"uint128","name":"base","type":"uint128"}],"internalType":"struct Rebase","name":"totalBorrow","type":"tuple"},{"internalType":"uint256","name":"userBorrowPart","type":"uint256"},{"internalType":"uint256","name":"currentExchangeRate","type":"uint256"},{"internalType":"uint256","name":"spotExchangeRate","type":"uint256"},{"internalType":"uint256","name":"oracleExchangeRate","type":"uint256"},{"components":[{"internalType":"uint64","name":"interestPerSecond","type":"uint64"},{"internalType":"uint64","name":"lastAccrued","type":"uint64"},{"internalType":"uint128","name":"feesEarnedFraction","type":"uint128"}],"internalType":"struct AccrueInfo","name":"accrueInfo","type":"tuple"}],"internalType":"struct KashiRepository.KashiPair","name":"","type":"tuple"}],"stateMutability":"view","type":"function"},{"inputs":[{"internalType":"address","name":"who","type":"address"},{"internalType":"address[]","name":"addresses","type":"address[]"}],"name":"getPairs","outputs":[{"components":[{"internalType":"contract IERC20","name":"collateral","type":"address"},{"internalType":"contract IERC20","name":"asset","type":"address"},{"internalType":"contract IOracle","name":"oracle","type":"address"},{"internalType":"bytes","name":"oracleData","type":"bytes"},{"internalType":"uint256","name":"totalCollateralShare","type":"uint256"},{"internalType":"uint256","name":"userCollateralShare","type":"uint256"},{"components":[{"internalType":"uint128","name":"elastic","type":"uint128"},{"internalType":"uint128","name":"base","type":"uint128"}],"internalType":"struct Rebase","name":"totalAsset","type":"tuple"},{"internalType":"uint256","name":"userAssetFraction","type":"uint256"},{"components":[{"internalType":"uint128","name":"elastic","type":"uint128"},{"internalType":"uint128","name":"base","type":"uint128"}],"internalType":"struct Rebase","name":"totalBorrow","type":"tuple"},{"internalType":"uint256","name":"userBorrowPart","type":"uint256"},{"internalType":"uint256","name":"currentExchangeRate","type":"uint256"},{"internalType":"uint256","name":"spotExchangeRate","type":"uint256"},{"internalType":"uint256","name":"oracleExchangeRate","type":"uint256"},{"components":[{"internalType":"uint64","name":"interestPerSecond","type":"uint64"},{"internalType":"uint64","name":"lastAccrued","type":"uint64"},{"internalType":"uint128","name":"feesEarnedFraction","type":"uint128"}],"internalType":"struct AccrueInfo","name":"accrueInfo","type":"tuple"}],"internalType":"struct KashiRepository.KashiPair[]","name":"","type":"tuple[]"}],"stateMutability":"view","type":"function"}]