[{"inputs":[{"internalType":"address","name":"_factory","type":"address"},{"internalType":"address","name":"_bar","type":"address"},{"internalType":"address","name":"_sushi","type":"address"},{"internalType":"address","name":"_weth","type":"address"}],"stateMutability":"nonpayable","type":"constructor"},{"anonymous":false,"inputs":[{"indexed":true,"internalType":"address","name":"token","type":"address"},{"indexed":true,"internalType":"address","name":"bridge","type":"address"}],"name":"LogBridgeSet","type":"event"},{"anonymous":false,"inputs":[{"indexed":true,"internalType":"address","name":"server","type":"address"},{"indexed":true,"internalType":"address","name":"token0","type":"address"},{"indexed":true,"internalType":"address","name":"token1","type":"address"},{"indexed":false,"internalType":"uint256","name":"amount0","type":"uint256"},{"indexed":false,"internalType":"uint256","name":"amount1","type":"uint256"},{"indexed":false,"internalType":"uint256","name":"amountSUSHI","type":"uint256"}],"name":"LogConvert","type":"event"},{"anonymous":false,"inputs":[{"indexed":true,"internalType":"address","name":"previousOwner","type":"address"},{"indexed":true,"internalType":"address","name":"newOwner","type":"address"}],"name":"OwnershipTransferred","type":"event"},{"inputs":[],"name":"bar","outputs":[{"internalType":"address","name":"","type":"address"}],"stateMutability":"view","type":"function"},{"inputs":[{"internalType":"address","name":"token","type":"address"}],"name":"bridgeFor","outputs":[{"internalType":"address","name":"bridge","type":"address"}],"stateMutability":"view","type":"function"},{"inputs":[],"name":"claimOwnership","outputs":[],"stateMutability":"nonpayable","type":"function"},{"inputs":[{"internalType":"address","name":"token0","type":"address"},{"internalType":"address","name":"token1","type":"address"}],"name":"convert","outputs":[],"stateMutability":"nonpayable","type":"function"},{"inputs":[{"internalType":"address[]","name":"token0","type":"address[]"},{"internalType":"address[]","name":"token1","type":"address[]"}],"name":"convertMultiple","outputs":[],"stateMutability":"nonpayable","type":"function"},{"inputs":[],"name":"factory","outputs":[{"internalType":"contract IUniswapV2Factory","name":"","type":"address"}],"stateMutability":"view","type":"function"},{"inputs":[],"name":"owner","outputs":[{"internalType":"address","name":"","type":"address"}],"stateMutability":"view","type":"function"},{"inputs":[],"name":"pendingOwner","outputs":[{"internalType":"address","name":"","type":"address"}],"stateMutability":"view","type":"function"},{"inputs":[{"internalType":"address","name":"token","type":"address"},{"internalType":"address","name":"bridge","type":"address"}],"name":"setBridge","outputs":[],"stateMutability":"nonpayable","type":"function"},{"inputs":[{"internalType":"address","name":"newOwner","type":"address"},{"internalType":"bool","name":"direct","type":"bool"},{"internalType":"bool","name":"renounce","type":"bool"}],"name":"transferOwnership","outputs":[],"stateMutability":"nonpayable","type":"function"}]