[{"inputs":[{"internalType":"contract IUniswapV2Router01","name":"_oldRouter","type":"address"},{"internalType":"contract IUniswapV2Router01","name":"_router","type":"address"}],"stateMutability":"nonpayable","type":"constructor"},{"inputs":[{"internalType":"address","name":"tokenA","type":"address"},{"internalType":"address","name":"tokenB","type":"address"},{"internalType":"uint256","name":"liquidity","type":"uint256"},{"internalType":"uint256","name":"amountAMin","type":"uint256"},{"internalType":"uint256","name":"amountBMin","type":"uint256"},{"internalType":"uint256","name":"deadline","type":"uint256"}],"name":"migrate","outputs":[],"stateMutability":"nonpayable","type":"function"},{"inputs":[{"internalType":"address","name":"tokenA","type":"address"},{"internalType":"address","name":"tokenB","type":"address"},{"internalType":"uint256","name":"liquidity","type":"uint256"},{"internalType":"uint256","name":"amountAMin","type":"uint256"},{"internalType":"uint256","name":"amountBMin","type":"uint256"},{"internalType":"uint256","name":"deadline","type":"uint256"},{"internalType":"uint8","name":"v","type":"uint8"},{"internalType":"bytes32","name":"r","type":"bytes32"},{"internalType":"bytes32","name":"s","type":"bytes32"}],"name":"migrateWithPermit","outputs":[],"stateMutability":"nonpayable","type":"function"},{"inputs":[],"name":"oldRouter","outputs":[{"internalType":"contract IUniswapV2Router01","name":"","type":"address"}],"stateMutability":"view","type":"function"},{"inputs":[],"name":"router","outputs":[{"internalType":"contract IUniswapV2Router01","name":"","type":"address"}],"stateMutability":"view","type":"function"}]