[{"inputs":[{"internalType":"contract IBentoBoxMinimal","name":"_bentoBox","type":"address"},{"internalType":"contract IPoolFactory","name":"_poolFactory","type":"address"},{"internalType":"contract IMasterDeployer","name":"_masterDeployer","type":"address"}],"stateMutability":"nonpayable","type":"constructor"},{"inputs":[],"name":"MinimumOutput","type":"error"},{"inputs":[],"name":"PermitFailed","type":"error"},{"inputs":[{"internalType":"bytes[]","name":"data","type":"bytes[]"}],"name":"batch","outputs":[{"internalType":"bytes[]","name":"results","type":"bytes[]"}],"stateMutability":"payable","type":"function"},{"inputs":[{"internalType":"contract IUniswapV2Minimal","name":"pair","type":"address"},{"internalType":"uint256","name":"amount","type":"uint256"},{"internalType":"uint256","name":"swapFee","type":"uint256"},{"internalType":"bool","name":"twapSupport","type":"bool"},{"internalType":"uint256","name":"minToken0Received","type":"uint256"},{"internalType":"uint256","name":"minToken1Received","type":"uint256"},{"internalType":"uint256","name":"minLpReceived","type":"uint256"}],"name":"migrate","outputs":[{"internalType":"uint256","name":"liquidity","type":"uint256"}],"stateMutability":"nonpayable","type":"function"},{"inputs":[{"internalType":"address","name":"token","type":"address"},{"internalType":"uint256","name":"amount","type":"uint256"},{"internalType":"uint256","name":"deadline","type":"uint256"},{"internalType":"uint8","name":"v","type":"uint8"},{"internalType":"bytes32","name":"r","type":"bytes32"},{"internalType":"bytes32","name":"s","type":"bytes32"}],"name":"permitThis","outputs":[],"stateMutability":"nonpayable","type":"function"},{"inputs":[{"internalType":"address","name":"token","type":"address"},{"internalType":"uint256","name":"nonce","type":"uint256"},{"internalType":"uint256","name":"expiry","type":"uint256"},{"internalType":"uint8","name":"v","type":"uint8"},{"internalType":"bytes32","name":"r","type":"bytes32"},{"internalType":"bytes32","name":"s","type":"bytes32"}],"name":"permitThisAllowed","outputs":[],"stateMutability":"nonpayable","type":"function"}]